group,group_name,seqnames,start,end,strand,name,idx,Log2FC,FDR,MeanDiff
1,C1,chr9,49427021,49415222,2,Ankk1,521,1.18943622457419,1.33024528352264e-05,0.74804821742381
1,C1,chr18,73815392,73770040,2,Me2,516,1.17061983424572,0.00139349790901875,0.466935673642843
1,C1,chr13,56522508,56537786,1,Fbxl21,502,1.33674231885064,0.00638847327842256,0.283321303549527
1,C1,chr13,56482246,56479277,2,Il9,501,1.7672754022227,0.00654768517438448,0.182108459625732
3,C3,chr19,31765033,30564487,2,Prkg1,482,1.17917710431759,3.62260170327502e-06,1.19438715372533
3,C3,chr8,117257019,117461506,1,Cmip,1018,1.00582064691698,0.000401091182321608,0.916169930130123
3,C3,chr16,25059639,25069058,1,A230028O05Rik,283,1.12639568431572,0.00896090938251475,0.212270452134395
