group,group_name,seqnames,start,end,strand,name,idx,Log2FC,FDR,MeanDiff
1,C1,chr19,31765033,30564487,2,Prkg1,482,1.00020430460361,0.000113542854381926,1.02482336099219
1,C1,chr19,31216396,31213543,2,8430431K14Rik,485,1.59815754854772,0.00072092131766873,0.429701420565554
1,C1,chr2,80129412,79834453,2,Pde1a,714,1.15791806501955,0.00123792970886477,0.357059991707696
1,C1,chr10,115185022,115078641,2,Tph2,883,1.53312476687334,0.00418068451666906,0.139637215255091
1,C1,chr3,67892220,68626482,1,Iqschfp,305,0.503599208378043,0.00451435226387127,0.739100038400557
1,C1,chr5,77465488,77468857,1,1700017L05Rik,503,0.980579092002593,0.00599136741022223,0.310687506351413
1,C1,chr3,68064802,68626482,1,Schip1,306,0.514833744245322,0.00874411676736365,0.647352822921507
3,C3,chr5,131307522,130874951,2,Galnt17,1068,0.629377015505062,0.00690143060516867,1.02100184294139
3,C3,chr4,33924632,33948831,1,Cnr1,126,0.973014201273321,0.0082580175410277,0.596992169798814
